Model,Accuracy,Precision,Recall,F1-Score,ROC-AUC,Training Time (s)
XGBoost,0.8706452590124205,0.9650711513583441,0.6509598603839442,0.7774882751433038,0.8758257309799444,0.16539382934570312
Gradient Boosting,0.8718570130263557,0.9813581890812251,0.6431064572425829,0.7770163415919874,0.8720069403108968,1.7771835327148438
Random Forest,0.8721599515298395,0.9750656167979003,0.6483420593368238,0.7788259958071279,0.8694010843729627,0.5442426204681396
Logistic Regression,0.8445925477128143,0.8883435582822086,0.631762652705061,0.7383987761346252,0.8253876086701246,0.0559382438659668
Baseline,0.6528324750075735,0.0,0.0,0.0,0.5,0.0010373592376708984
